Household_Type,Mean,Lower_CI,Upper_CI
"Single person, not a pensioner (no children)",5.9831743548547,5.8008193224316,6.1655293872779
Two adult household with children,5.7785490572607,5.6253271177924,5.9317709967291
Two adult household (up to one pensioner) without children,5.5674456847597,5.4164148576257,5.7184765118937
Single parent household,5.9334922848884,5.6312251569548,6.235759412822
Other households,6.1398129127328,5.8780083391975,6.4016174862681
Total,5.8833116247697,5.803288587898,5.9633346616413
